,state_url,leading_candidate,leading_odds,losing_candidate,losing_odds,state,harris_odds
0,https://kalshi.com/markets/prespartyal,Donald Trump,98%,Kamala Harris,2%,AL,2%
1,https://kalshi.com/markets/prespartyak,Donald Trump,93%,Kamala Harris,7%,AK,7%
2,https://kalshi.com/markets/prespartyar,Donald Trump,98%,Kamala Harris,2%,AR,2%
3,https://kalshi.com/markets/prespartyca,Kamala Harris,97%,Donald Trump,3%,CA,97%
4,https://kalshi.com/markets/prespartyco,Kamala Harris,94%,Donald Trump,6%,CO,94%
5,https://kalshi.com/markets/prespartyct,Kamala Harris,96%,Donald Trump,4%,CT,96%
6,https://kalshi.com/markets/prespartyde,Kamala Harris,96%,Donald Trump,4%,DE,96%
7,https://kalshi.com/markets/prespartyfl,Donald Trump,92%,Kamala Harris,8%,FL,8%
8,https://kalshi.com/markets/prespartyhi,Kamala Harris,97%,Donald Trump,3%,HI,97%
9,https://kalshi.com/markets/prespartyid,Donald Trump,98%,Kamala Harris,2%,ID,2%
10,https://kalshi.com/markets/prespartyil,Kamala Harris,96%,Donald Trump,4%,IL,96%
11,https://kalshi.com/markets/prespartyia,Donald Trump,94%,Kamala Harris,6%,IA,6%
12,https://kalshi.com/markets/prespartyks,Donald Trump,98%,Kamala Harris,2%,KS,2%
13,https://kalshi.com/markets/prespartyky,Donald Trump,97%,Kamala Harris,3%,KY,3%
14,https://kalshi.com/markets/prespartyla,Donald Trump,98%,Kamala Harris,2%,LA,2%
15,https://kalshi.com/markets/prespartyme,Kamala Harris,85%,Donald Trump,15%,ME,85%
16,https://kalshi.com/markets/prespartymd,Kamala Harris,98%,Donald Trump,2%,MD,98%
17,https://kalshi.com/markets/prespartyma,Kamala Harris,97%,Donald Trump,3%,MA,97%
18,https://kalshi.com/markets/prespartymi,Donald Trump,50%,Kamala Harris,50%,MI,50%
19,https://kalshi.com/markets/prespartymn,Kamala Harris,84%,Donald Trump,16%,MN,84%
20,https://kalshi.com/markets/prespartymo,Donald Trump,98%,Kamala Harris,2%,MO,2%
21,https://kalshi.com/markets/prespartymt,Donald Trump,98%,Kamala Harris,2%,MT,2%
22,https://kalshi.com/markets/prespartyne,Donald Trump,97%,Kamala Harris,3%,NE,3%
23,https://kalshi.com/markets/prespartynv,Donald Trump,65%,Kamala Harris,35%,NV,35%
24,https://kalshi.com/markets/prespartynh,Kamala Harris,80%,Donald Trump,20%,NH,80%
25,https://kalshi.com/markets/prespartynj,Kamala Harris,93%,Donald Trump,7%,NJ,93%
26,https://kalshi.com/markets/prespartynm,Kamala Harris,88%,Donald Trump,12%,NM,88%
27,https://kalshi.com/markets/prespartyny,Kamala Harris,95%,Donald Trump,5%,NY,95%
28,https://kalshi.com/markets/prespartynd,Donald Trump,98%,Kamala Harris,2%,ND,2%
29,https://kalshi.com/markets/prespartyoh,Donald Trump,94%,Kamala Harris,6%,OH,6%
30,https://kalshi.com/markets/prespartyok,Donald Trump,98%,Kamala Harris,2%,OK,2%
31,https://kalshi.com/markets/prespartyor,Kamala Harris,95%,Donald Trump,5%,OR,95%
32,https://kalshi.com/markets/prespartypa,Donald Trump,58%,Kamala Harris,42%,PA,42%
33,https://kalshi.com/markets/prespartyri,Kamala Harris,98%,Donald Trump,2%,RI,98%
34,https://kalshi.com/markets/prespartysc,Donald Trump,98%,Kamala Harris,2%,SC,2%
35,https://kalshi.com/markets/prespartysd,Donald Trump,98%,Kamala Harris,2%,SD,2%
36,https://kalshi.com/markets/prespartytn,Donald Trump,98%,Kamala Harris,2%,TN,2%
37,https://kalshi.com/markets/prespartytx,Donald Trump,92%,Kamala Harris,8%,TX,8%
38,https://kalshi.com/markets/prespartyut,Donald Trump,97%,Kamala Harris,3%,UT,3%
39,https://kalshi.com/markets/prespartyvt,Kamala Harris,98%,Donald Trump,2%,VT,98%
40,https://kalshi.com/markets/prespartyva,Kamala Harris,84%,Donald Trump,16%,VA,84%
41,https://kalshi.com/markets/prespartywa,Kamala Harris,98%,Donald Trump,2%,WA,98%
42,https://kalshi.com/markets/prespartywv,Donald Trump,98%,Kamala Harris,2%,WV,2%
43,https://kalshi.com/markets/prespartywi,Donald Trump,56%,Kamala Harris,44%,WI,44%
44,https://kalshi.com/markets/prespartyaz,Donald Trump,72%,Kamala Harris,28%,AZ,28%
45,https://kalshi.com/markets/prespartyga,Donald Trump,70%,Kamala Harris,30%,GA,30%
46,https://kalshi.com/markets/prespartyin,Donald Trump,99%,Kamala Harris,1%,IN,1%
47,https://kalshi.com/markets/prespartyms,Donald Trump,99%,Kamala Harris,1%,MS,1%
48,https://kalshi.com/markets/prespartync,Donald Trump,70%,Kamala Harris,30%,NC,30%
49,https://kalshi.com/markets/prespartywy,Donald Trump,99%,Kamala Harris,1%,WY,1%
