state,q2_gdp_growth
New England ,2.2
Connecticut,2.8
Maine ,1.7
Massachusetts ,1.9
New Hampshire ,2.1
Rhode Island ,2.5
Vermont ,3.4
Mideast ,3.2
Delaware ,3.2
District of Columbia ,2.1
Maryland ,2.3
New Jersey,2.4
New York,3.8
Pennsylvania ,3.2
Great Lakes ,3.4
Illinois ,2.8
Indiana,2.8
Michigan ,4.2
Ohio ,3.4
Wisconsin ,4.2
Plains ,3
Iowa ,1.6
Kansas,5.6
Minnesota ,1.3
Missouri ,3.9
Nebraska,5.3
North Dakota ,0.1
South Dakota ,2.3
Southeast ,3.3
Alabama ,3.4
Arkansas,1.5
Florida ,3.2
Georgia ,3.5
Kentucky,3.5
Louisiana ,3
Mississippi ,2.5
North Carolina ,3.5
South Carolina ,4.5
Tennessee ,3
Virginia ,3.2
West Virginia ,2.1
Southwest ,2.8
Arizona ,3.1
New Mexico,1.7
Oklahoma,2.3
Texas,2.8
Rocky Mountain ,3.7
Colorado ,2.7
Idaho ,5.9
Montana ,3.2
Utah ,4.8
Wyoming ,3.5
Far West,2.6
Alaska ,-1.1
California ,2.8
Hawaii ,1.4
Nevada,1.8
Oregon ,3.3
Washington,2.2
