year,party,winner,candidate,pv,pv2p,incumbent,incumbent_party,prev_admin,deminc,juneapp
1948,democrat,TRUE,"Truman, Harry",49.50723015,52.31764025,TRUE,TRUE,TRUE,1,-4
1948,republican,FALSE,"Dewey, Thomas",45.12094864,47.68235975,FALSE,FALSE,FALSE,1,-4
1952,democrat,FALSE,"Stevenson, Adlai",44.37787914,44.71055631,FALSE,TRUE,FALSE,1,-26
1952,republican,TRUE,"Eisenhower, Dwight",54.87805235,55.28944369,FALSE,FALSE,FALSE,1,-26
1956,democrat,FALSE,"Stevenson, Adlai",41.95397262,42.23566032,FALSE,FALSE,FALSE,0,55
1956,republican,TRUE,"Eisenhower, Dwight",57.37908457,57.76433968,TRUE,TRUE,TRUE,0,55
1960,republican,FALSE,"Nixon, Richard M.",49.54828509,49.91324051,FALSE,TRUE,TRUE,0,30
1960,democrat,TRUE,"Kennedy, John F.",49.72053533,50.08675949,FALSE,FALSE,FALSE,0,30
1964,republican,FALSE,"Goldwater, Barry",38.47171769,38.65603216,FALSE,FALSE,FALSE,1,59
1964,democrat,TRUE,"Johnson, Lyndon B.",61.05147582,61.34396784,TRUE,TRUE,TRUE,1,59
1968,republican,TRUE,"Nixon, Richard M.",43.41574369,50.40462161,FALSE,FALSE,FALSE,1,-7
1968,democrat,FALSE,"Humphrey, Hubert",42.71870649,49.59537839,FALSE,TRUE,TRUE,1,-7
1972,republican,TRUE,"Nixon, Richard M.",60.69324321,61.78900883,TRUE,TRUE,FALSE,0,23
1972,democrat,FALSE,"McGovern, George",37.53335786,38.21099117,FALSE,FALSE,FALSE,0,23
1976,democrat,TRUE,"Carter, Jimmy",49.85266664,51.13734917,FALSE,FALSE,FALSE,0,5
1976,republican,FALSE,"Ford, Gerald",47.63511371,48.86265083,TRUE,TRUE,TRUE,0,5
1980,democrat,FALSE,"Carter, Jimmy",41.01993031,44.84244123,TRUE,TRUE,TRUE,1,-27
1980,republican,TRUE,"Reagan, Ronald",50.45575474,55.15755877,FALSE,FALSE,FALSE,1,-27
1984,democrat,FALSE,"Mondale, Walter",40.41861657,40.87664881,FALSE,FALSE,TRUE,0,18
1984,republican,TRUE,"Reagan, Ronald",58.46086046,59.12335119,TRUE,TRUE,TRUE,0,18
1988,democrat,FALSE,"Dukakis, Michael",45.54877735,46.16754471,FALSE,FALSE,FALSE,0,8
1988,republican,TRUE,"Bush, George H.W.",53.11095783,53.83245529,FALSE,TRUE,TRUE,0,8
1992,democrat,TRUE,"Clinton, Bill",42.88416955,53.62069584,FALSE,FALSE,FALSE,0,-17
1992,republican,FALSE,"Bush, George H.W.",37.09272907,46.37930416,TRUE,TRUE,TRUE,0,-17
1996,democrat,TRUE,"Clinton, Bill",49.06674998,54.80402403,TRUE,TRUE,FALSE,1,10
1996,republican,FALSE,"Dole, Robert",40.46454056,45.19597597,FALSE,FALSE,FALSE,1,10
2000,democrat,FALSE,"Gore, Al",48.14325143,50.25952345,FALSE,TRUE,TRUE,1,15
2000,republican,TRUE,"Bush, George W.",47.64605998,49.74047655,FALSE,FALSE,FALSE,1,15
2004,democrat,FALSE,"Kerry, John",48.0664567,48.73068404,FALSE,FALSE,FALSE,0,-1
2004,republican,TRUE,"Bush, George W.",50.5704856,51.26931596,TRUE,TRUE,TRUE,0,-1
2008,democrat,TRUE,"Obama, Barack H.",52.76155846,53.77076728,FALSE,FALSE,FALSE,0,-40
2008,republican,FALSE,"McCain, John",45.3615689,46.22923272,FALSE,TRUE,FALSE,0,-40
2012,democrat,TRUE,"Obama, Barack H.",50.87488268,51.91525804,TRUE,TRUE,TRUE,1,1
2012,republican,FALSE,"Romney, Mitt",47.12112967,48.08474196,FALSE,FALSE,FALSE,1,1
2016,democrat,FALSE,"Clinton, Hillary",47.05731122,51.16249044,FALSE,TRUE,TRUE,1,4
2016,republican,TRUE,"Trump, Donald J.",44.91888231,48.83750956,FALSE,FALSE,FALSE,1,4
2020,democrat,TRUE,"Biden, Joseph R.",51.31570891,52.26985906,FALSE,FALSE,FALSE,0,-19
2020,republican,FALSE,"Trump, Donald J.",46.85886021,47.73014094,TRUE,TRUE,TRUE,0,-19
2024,democrat,,"Harris, Kamala",,,TRUE,TRUE,TRUE,1,-22
2024,republican,,"Trump, Donald J.",,,FALSE,FALSE,TRUE,1,-22