"","state","odds"
"1","Utah",0
"2","Montana",0
"3","Nebraska",0
"4","Indiana",0
"5","Missouri",0
"6","South Carolina",0
"7","Ohio",0.01
"8","Texas",0.15
"9","Florida",0.19
"10","Arizona",5.19
"11","North Carolina",6.67
"12","Georgia",8.21
"13","Pennsylvania",14.31
"14","Nevada",17.52
"15","Wisconsin",17.52
"16","Michigan",22.56
"17","New Hampshire",72.78
"18","Minnesota",80.62
"19","Virginia",86.95
"20","New Mexico",90.87
"21","Colorado",99.34
"22","New York",100
"23","Washington",100
"24","California",100
"25","Massachusetts",100
"26","Maryland",100
